id,neighborhood,price,bedrooms,bathrooms,house_size,description,neighborhood_description
0,Green Oaks,800000,3,2,2000,"Welcome to this eco-friendly oasis nestled in the heart of Green Oaks. This charming 3-bedroom, 2-bathroom home boasts energy-efficient features such as solar panels and a well-insulated structure. Natural light floods the living spaces, highlighting the beautiful hardwood floors and eco-conscious finishes. The open-concept kitchen and dining area lead to a spacious backyard with a vegetable garden, perfect for the eco-conscious family. Embrace sustainable living without compromising on style in this Green Oaks gem.","Green Oaks is a close-knit, environmentally-conscious community with access to organic grocery stores, community gardens, and bike paths. Take a stroll through the nearby Green Oaks Park or grab a cup of coffee at the cozy Green Bean Cafe. With easy access to public transportation and bike lanes, commuting is a breeze."
1,Sunny Hills,650000,4,3,2400,"Step into this bright and spacious 4-bedroom, 3-bathroom home in the desirable Sunny Hills neighborhood. The modern kitchen features stainless steel appliances and granite countertops, perfect for entertaining guests. Relax in the luxurious master suite with a spa-like bathroom and walk-in closet. Enjoy the California sunshine in the landscaped backyard with a patio for outdoor dining. Experience comfortable living in Sunny Hills.","Sunny Hills offers a family-friendly environment with top-rated schools, parks, and community events. Explore the nearby hiking trails or visit the local farmers' market for fresh produce. Conveniently located near shopping centers and restaurants, Sunny Hills provides a perfect blend of suburban tranquility and urban amenities."
2,Lakeview Estates,950000,5,4,3500,"Luxury awaits in this stunning 5-bedroom, 4-bathroom home in the prestigious Lakeview Estates. The grand foyer leads to a formal living room with high ceilings and a fireplace, ideal for hosting elegant gatherings. The gourmet kitchen is a chef's dream with top-of-the-line appliances and a large island. Retreat to the expansive master suite with a private balcony overlooking the serene lake. Entertain in style in the backyard oasis with a pool and spa. Live the high life in Lakeview Estates.","Lakeview Estates is an exclusive community known for its upscale homes and picturesque views. Enjoy boating and fishing on the lake or take a leisurely walk along the waterfront promenade. With easy access to luxury shopping and fine dining, Lakeview Estates offers a sophisticated lifestyle for discerning residents."
3,Maple Grove,550000,3,2,1800,"Charming 3-bedroom, 2-bathroom home located in the peaceful Maple Grove neighborhood. The cozy living room features a brick fireplace and hardwood floors, creating a warm and inviting atmosphere. The updated kitchen boasts granite countertops and stainless steel appliances. Relax in the private backyard with a deck and mature trees. Experience comfort and tranquility in Maple Grove.","Maple Grove is a quiet residential area with tree-lined streets and friendly neighbors. Enjoy picnics in the nearby Maple Grove Park or take a short drive to the quaint downtown area for shopping and dining. With excellent schools and community events, Maple Grove is the perfect place to call home."
4,Riverfront Terrace,720000,4,3,2200,"Welcome to this riverside retreat in the desirable Riverfront Terrace neighborhood. This 4-bedroom, 3-bathroom home offers stunning views of the river from the spacious living room and master suite. The gourmet kitchen features custom cabinets and a breakfast nook overlooking the water. Relax on the deck while watching the sunset over the river. Experience peaceful living in Riverfront Terrace.","Riverfront Terrace is a waterfront community with access to boating and fishing opportunities. Enjoy walks along the riverfront trail or relax in the community park with picnic areas. Conveniently located near shops and restaurants, Riverfront Terrace provides a serene escape from the hustle and bustle of city life."
5,Mountain View Heights,680000,3,2,1900,"Nestled in the scenic Mountain View Heights, this 3-bedroom, 2-bathroom home offers breathtaking mountain views. The open floor plan features a spacious living room with a stone fireplace and vaulted ceilings. The updated kitchen boasts granite countertops and stainless steel appliances. Relax on the deck while taking in the panoramic vistas. Embrace mountain living in Mountain View Heights.","Mountain View Heights is a nature lover's paradise with hiking trails, wildlife, and fresh mountain air. Explore the nearby national park or unwind at the local spa for a relaxing retreat. With a strong sense of community and outdoor activities, Mountain View Heights is the perfect escape from city life."
6,Harbor Pointe,890000,4,3,2600,"Experience waterfront living in this elegant 4-bedroom, 3-bathroom home in the prestigious Harbor Pointe community. The grand foyer leads to a formal dining room with water views, perfect for entertaining guests. The gourmet kitchen features custom cabinets and a breakfast bar. Retreat to the luxurious master suite with a spa-like bathroom and walk-in closet. Enjoy outdoor living on the waterfront patio. Live the coastal lifestyle in Harbor Pointe.","Harbor Pointe offers a luxurious waterfront lifestyle with marinas, yacht clubs, and waterfront dining options. Take a boat ride along the coast or relax on the sandy beaches just steps away. With easy access to shopping and entertainment, Harbor Pointe provides a perfect blend of relaxation and recreation."
7,Pinecrest Meadows,620000,3,2,1700,"Welcome to this charming 3-bedroom, 2-bathroom home in the peaceful Pinecrest Meadows neighborhood. The cozy living room features a brick fireplace and hardwood floors, creating a warm and inviting space. The updated kitchen boasts quartz countertops and stainless steel appliances. Relax in the private backyard with a deck and lush landscaping. Experience serenity in Pinecrest Meadows.","Pinecrest Meadows is a family-friendly community with parks, playgrounds, and walking trails. Enjoy picnics in the neighborhood park or take a short drive to the nearby nature reserve for outdoor adventures. With top-rated schools and a strong sense of community, Pinecrest Meadows is the perfect place to raise a family."
8,Sunset Ridge,740000,4,3,2300,"Step into this modern 4-bedroom, 3-bathroom home in the sought-after Sunset Ridge neighborhood. The open-concept living area features high ceilings and large windows, creating a bright and airy space. The gourmet kitchen is equipped with stainless steel appliances and a center island. Retreat to the master suite with a spa-like bathroom and walk-in closet. Enjoy outdoor living in the landscaped backyard with a patio. Live in style in Sunset Ridge.","Sunset Ridge offers a vibrant community with parks, shopping centers, and dining options. Explore the nearby hiking trails or attend local events at the community center. With easy access to major highways and public transportation, Sunset Ridge provides convenience and comfort for residents."
9,Oakwood Grove,580000,3,2,1600,"Cozy 3-bedroom, 2-bathroom home located in the tranquil Oakwood Grove neighborhood. The living room features a brick fireplace and hardwood floors, creating a warm and inviting space. The updated kitchen boasts granite countertops and stainless steel appliances. Relax in the private backyard with a deck and mature trees. Experience peaceful living in Oakwood Grove.","Oakwood Grove is a quiet residential area with tree-lined streets and friendly neighbors. Enjoy walks in the nearby oak grove or take a short drive to the charming downtown area for shopping and dining. With excellent schools and community events, Oakwood Grove offers a welcoming environment for families."
10,Meadowbrook Heights,710000,4,3,2200,"Welcome to this spacious 4-bedroom, 3-bathroom home in the desirable Meadowbrook Heights neighborhood. The open-concept living area features a fireplace and large windows, creating a bright and inviting space. The updated kitchen boasts quartz countertops and stainless steel appliances. Retreat to the master suite with a spa-like bathroom and walk-in closet. Enjoy outdoor living in the landscaped backyard with a patio. Live comfortably in Meadowbrook Heights.","Meadowbrook Heights offers a family-friendly environment with parks, playgrounds, and community events. Explore the nearby nature trails or visit the local farmers' market for fresh produce. Conveniently located near schools and shopping centers, Meadowbrook Heights provides a perfect blend of suburban charm and modern amenities."
11,Willow Creek,670000,3,2,1900,"Charming 3-bedroom, 2-bathroom home located in the peaceful Willow Creek neighborhood. The cozy living room features a brick fireplace and hardwood floors, creating a warm and inviting atmosphere. The updated kitchen boasts granite countertops and stainless steel appliances. Relax in the private backyard with a deck and mature trees. Experience comfort and tranquility in Willow Creek.","Willow Creek is a quiet residential area with tree-lined streets and friendly neighbors. Enjoy picnics in the nearby Willow Creek Park or take a short drive to the quaint downtown area for shopping and dining. With excellent schools and community events, Willow Creek is the perfect place to call home."
12,Cedar Ridge,800000,4,3,2400,"Welcome to this modern 4-bedroom, 3-bathroom home in the serene Cedar Ridge neighborhood. The open-concept living area features high ceilings and large windows, creating a bright and airy space. The gourmet kitchen is equipped with stainless steel appliances and a center island. Retreat to the master suite with a spa-like bathroom and walk-in closet. Enjoy outdoor living in the landscaped backyard with a patio. Live in style in Cedar Ridge.","Cedar Ridge offers a peaceful environment with parks, walking trails, and community events. Explore the nearby nature reserve or attend local gatherings at the community center. With easy access to major highways and public transportation, Cedar Ridge provides convenience and comfort for residents."
